{
  "root": [
    0.7250332832336426,
    0.53399258852005,
    0.4237214922904968,
    0.3402214050292969,
    0.29895299673080444,
    0.24517427384853363,
    0.1939125657081604,
    0.1541241705417633,
    0.12336616963148117,
    0.11176497489213943
  ],
  "true": [
    0.6798834204673767,
    0.6856995820999146,
    0.6986191272735596,
    0.6658909320831299,
    0.665743887424469,
    0.6924479603767395,
    0.6604083776473999,
    0.6528531312942505,
    0.6595470309257507,
    0.6463399529457092
  ],
  "epoch": [
    0,
    1,
    2,
    3,
    4,
    5,
    6,
    7,
    8,
    9
  ]
}