{
  "root": [
    0.6371395587921143,
    0.46035563945770264,
    0.3541708290576935,
    0.26390641927719116,
    0.20197312533855438,
    0.16841250658035278,
    0.1331125944852829,
    0.11023882776498795,
    0.07940953224897385,
    0.07941953092813492
  ],
  "true": [
    0.6912025809288025,
    0.6693925261497498,
    0.6787229180335999,
    0.6624817848205566,
    0.6794411540031433,
    0.6471099853515625,
    0.6616414189338684,
    0.6435367465019226,
    0.5992676019668579,
    0.5916383266448975
  ],
  "epoch": [
    0,
    1,
    2,
    3,
    4,
    5,
    6,
    7,
    8,
    9
  ]
}