{
  "train_loss": [
    2.006006611226707,
    1.816993738598721,
    1.8270417152553475,
    1.8148666185717428,
    1.8117853669710058
  ],
  "train_root_loss": [
    0.5733347431305916,
    0.5242997060860357,
    0.5235884040914556,
    0.5239145481458274,
    0.5237347200993568
  ],
  "train_true_loss": [
    0.7163359331210775,
    0.6463470178906635,
    0.6517266558703556,
    0.6454760331620453,
    0.6440253217374124
  ],
  "val_loss": [
    0.04733817052032988,
    0.043251150745456504,
    0.051514504319530426,
    0.05060929767156051,
    0.044909364086086465
  ],
  "val_root_loss": [
    0.014854897887019788,
    0.016060507903664797,
    0.01631903042227535,
    0.015616956403699972,
    0.01311185299339941
  ],
  "val_true_loss": [
    0.016241635306406828,
    0.013595321420895852,
    0.01759773593837932,
    0.017496169623682053,
    0.01589875504121942
  ],
  "epoch": [
    0,
    1,
    2,
    3,
    4
  ]
}