{
  "train_loss": [
    2.2711600509702516,
    1.817989455147456,
    1.816356911358013,
    1.8029094508899155
  ],
  "train_root_loss": [
    0.5979643737116168,
    0.5238314626998799,
    0.5243683177617289,
    0.5244096042007529
  ],
  "train_true_loss": [
    0.8365978401430308,
    0.6470789951021954,
    0.6459942967020055,
    0.6392499241136735
  ],
  "val_loss": [
    0.04495854296926725,
    0.04743877103773214,
    0.051605018518738825,
    0.05174016144316075
  ],
  "val_root_loss": [
    0.014400342763480494,
    0.014981652720499847,
    0.014996920601796295,
    0.015322011406138793
  ],
  "val_true_loss": [
    0.01527909909264516,
    0.016228559663740254,
    0.018304048958471267,
    0.01820907552363509
  ],
  "epoch": [
    0,
    1,
    2,
    3
  ]
}