{
  "root": [
    0.6180504560470581,
    0.3999866843223572,
    0.27206316590309143,
    0.18630769848823547,
    0.1489461362361908,
    0.11372113227844238,
    0.08733244985342026,
    0.07413763552904129,
    0.06230875477194786,
    0.044014837592840195
  ],
  "true": [
    0.6858541965484619,
    0.6819024682044983,
    0.6966381072998047,
    0.6706183552742004,
    0.6640132069587708,
    0.6766971349716187,
    0.6430203914642334,
    0.6297821998596191,
    0.6321216225624084,
    0.6002472639083862
  ],
  "epoch": [
    0,
    1,
    2,
    3,
    4,
    5,
    6,
    7,
    8,
    9
  ]
}