{
  "train_loss": [
    0.7354455471038819,
    0.6616415510895431,
    0.6428291601198975,
    0.6260610622423951,
    0.6318460053013217,
    0.6301475758193642,
    0.6099888374728542,
    0.6177268617255713,
    0.600806347817503,
    0.5991005991094855,
    0.5847894573083487,
    0.5783468189739411,
    0.5723501801490783,
    0.5690591765988258
  ],
  "train_root_loss": [
    0.05913645012090759,
    0.00974950408742961,
    0.0025385016605752597,
    0.0023118164336968523,
    0.0004066496688670101,
    0.003801088274273938,
    0.0009480322898838573,
    0.0007851504344519829,
    0.004692588669049948,
    0.0004989783784066599,
    0.0009602816483620505,
    5.1013996948000486e-05,
    8.768151317155414e-05,
    0.00011415169977114005
  ],
  "train_true_loss": [
    0.33661358183430085,
    0.32564585750461905,
    0.3200874972727991,
    0.311598913563836,
    0.3157072981519084,
    0.31309564618333696,
    0.30446569728915407,
    0.30845989812445895,
    0.2978873790592276,
    0.29914548791223955,
    0.2918991526608826,
    0.28914561393440413,
    0.2861310636484495,
    0.2844722325282712
  ],
  "val_loss": [
    0.6747720196085462,
    0.641409289533809,
    0.6500466680627758,
    0.6316746463209896,
    0.6189313606690552,
    0.6111949020523136,
    0.7107558250427246,
    0.5913847984146263,
    0.5777623686244933,
    0.6246783155000816,
    0.5930258348836737,
    0.5875053138045941,
    0.5988687877937898,
    0.6108787242891425
  ],
  "val_root_loss": [
    0.0019091451424667295,
    0.00020247170791894167,
    0.000251786510627919,
    9.166362229672998e-05,
    6.489096870347443e-05,
    3.1634796861476776e-05,
    3.9679403440551776e-05,
    0.0005431485339513134,
    0.00013396953913104233,
    9.876610653718363e-05,
    2.2163489430178773e-05,
    2.55567232212127e-05,
    2.4085574335878722e-05,
    3.082964511344629e-05
  ],
  "val_true_loss": [
    0.33631207377223643,
    0.3206033507141016,
    0.3248974050758249,
    0.3157914745605598,
    0.30943319504543887,
    0.3055816318018962,
    0.35535807048870344,
    0.2954178139946218,
    0.28881416769729834,
    0.31228977366019106,
    0.2965018381759272,
    0.2937398806719457,
    0.29942234933881434,
    0.3054239473984403
  ],
  "train_acc": [
    0.9311827956989247,
    0.9956989247311828,
    0.9987903225806452,
    0.9991935483870967,
    0.9998655913978495,
    0.9989247311827957,
    0.999731182795699,
    0.9994623655913979,
    0.9987903225806452,
    0.999731182795699,
    0.999731182795699,
    1.0,
    1.0,
    1.0
  ],
  "train_precision": [
    0.9328660016176867,
    0.9962606837606838,
    0.999204665959703,
    0.9992069785884219,
    1.0,
    0.999211356466877,
    0.9997269251774986,
    0.9994622210271579,
    0.9989307671745522,
    0.999735659529474,
    0.9997302400863232,
    1.0,
    1.0,
    1.0
  ],
  "train_recall": [
    0.9293580445876981,
    0.9951974386339381,
    0.9984105960264901,
    0.9992069785884219,
    0.99972647702407,
    0.9986862848134525,
    0.9997269251774986,
    0.9994622210271579,
    0.998663816141101,
    0.999735659529474,
    0.9997302400863232,
    1.0,
    1.0,
    1.0
  ],
  "train_f1": [
    0.9311087190527448,
    0.99572877736252,
    0.9988074731681463,
    0.9992069785884219,
    0.9998632198057721,
    0.9989487516425756,
    0.9997269251774986,
    0.9994622210271579,
    0.9987972738206602,
    0.999735659529474,
    0.9997302400863232,
    1.0,
    1.0,
    1.0
  ],
  "val_acc": [
    1.0,
    1.0,
    1.0,
    1.0,
    1.0,
    1.0,
    1.0,
    0.9989247311827957,
    1.0,
    1.0,
    1.0,
    1.0,
    1.0,
    1.0
  ],
  "val_precision": [
    1.0,
    1.0,
    1.0,
    1.0,
    1.0,
    1.0,
    1.0,
    1.0,
    1.0,
    1.0,
    1.0,
    1.0,
    1.0,
    1.0
  ],
  "val_recall": [
    1.0,
    1.0,
    1.0,
    1.0,
    1.0,
    1.0,
    1.0,
    0.9949238578680203,
    1.0,
    1.0,
    1.0,
    1.0,
    1.0,
    1.0
  ],
  "val_f1": [
    1.0,
    1.0,
    1.0,
    1.0,
    1.0,
    1.0,
    1.0,
    0.9974554707379135,
    1.0,
    1.0,
    1.0,
    1.0,
    1.0,
    1.0
  ],
  "epoch": [
    0,
    1,
    2,
    3,
    4,
    5,
    6,
    7,
    8,
    9,
    10,
    11,
    12,
    13
  ]
}