{
  "train_loss": [
    0.7074246034186373,
    0.6488882926202589,
    0.6366971021698368,
    0.6252933947309371
  ],
  "train_root_loss": [
    0.04707689943253338,
    0.0008487784359213723,
    0.006450251524135335,
    0.0007468665707038067
  ],
  "train_true_loss": [
    0.3301738517899667,
    0.3240197569452306,
    0.3151234252798942,
    0.31227326420366125
  ],
  "val_loss": [
    0.6213203173572734,
    0.6472929695905265,
    0.6375646081011174,
    0.6272153667474197
  ],
  "val_root_loss": [
    0.0002971425408574405,
    0.00012576632234875864,
    0.007747091407200985,
    7.761907995623237e-05
  ],
  "val_true_loss": [
    0.31051158614582935,
    0.3235836021475873,
    0.3149087585635104,
    0.31356887367822356
  ],
  "train_acc": [
    0.9491935483870968,
    1.0,
    0.9971774193548387,
    0.9998655913978495
  ],
  "train_precision": [
    0.9669771380186283,
    1.0,
    0.9973586899101955,
    0.9997334044254865
  ],
  "train_recall": [
    0.9292107404393816,
    1.0,
    0.9970953261156589,
    1.0
  ],
  "train_f1": [
    0.9477178423236514,
    1.0,
    0.9972269906245873,
    0.9998666844420744
  ],
  "val_acc": [
    1.0,
    1.0,
    0.9967741935483871,
    1.0
  ],
  "val_precision": [
    1.0,
    1.0,
    0.985,
    1.0
  ],
  "val_recall": [
    1.0,
    1.0,
    1.0,
    1.0
  ],
  "val_f1": [
    1.0,
    1.0,
    0.9924433249370277,
    1.0
  ],
  "epoch": [
    0,
    1,
    2,
    3
  ]
}