{
  "train_loss": [
    1.9700469241347365,
    1.8271064492963975,
    1.8340911564327056,
    1.8312772523972296,
    1.823751758856158
  ],
  "train_root_loss": [
    0.569033254666995,
    0.5241235782382309,
    0.5249210061885977,
    0.5234337488810221,
    0.5235626856806458
  ],
  "train_true_loss": [
    0.7005068333422695,
    0.6514914371473814,
    0.6545850767243293,
    0.6539217539371983,
    0.6500945376452579
  ],
  "val_loss": [
    0.0506148702007229,
    0.04208370790643207,
    0.04669457775051311,
    0.04936436071234234,
    0.050153534291154246
  ],
  "val_root_loss": [
    0.015145095728211483,
    0.014817284325421867,
    0.01547699459528519,
    0.015663073224536445,
    0.01541991557105113
  ],
  "val_true_loss": [
    0.01773488723625571,
    0.013633211790505102,
    0.01560879157761396,
    0.016850643238778842,
    0.01736680936005156
  ],
  "epoch": [
    0,
    1,
    2,
    3,
    4
  ]
}