{
  "root": [
    0.6610294580459595,
    0.46170350909233093,
    0.3509392738342285,
    0.2799568176269531,
    0.19876721501350403,
    0.16012829542160034,
    0.1368221789598465,
    0.10220224410295486,
    0.07468316704034805,
    0.06150570139288902
  ],
  "true": [
    0.682096540927887,
    0.6887962222099304,
    0.6839005947113037,
    0.6784616112709045,
    0.6685292720794678,
    0.6590793132781982,
    0.6718266010284424,
    0.6364344954490662,
    0.6639075875282288,
    0.6328688859939575
  ],
  "epoch": [
    0,
    1,
    2,
    3,
    4,
    5,
    6,
    7,
    8,
    9
  ]
}