{
  "root": [
    0.6691949367523193,
    0.4699704349040985,
    0.35990095138549805,
    0.2749277949333191,
    0.20613786578178406,
    0.1554749459028244,
    0.13385169208049774,
    0.09269312024116516,
    0.0774257555603981,
    0.07620533555746078
  ],
  "true": [
    0.687666118144989,
    0.6895415186882019,
    0.6786318421363831,
    0.67624431848526,
    0.6766912937164307,
    0.6586658954620361,
    0.670020341873169,
    0.647528886795044,
    0.6210192441940308,
    0.6166155934333801
  ],
  "epoch": [
    0,
    1,
    2,
    3,
    4,
    5,
    6,
    7,
    8,
    9
  ]
}